

INSERT INTO login (id, username, password, rollen)
VALUES
    ('30000000-0000-0000-0000-000000000000','admin','{argon2id}$argon2id$v=19$m=16384,t=3,p=1$QHb5SxDhddjUiGboXTc9S9yCmRoPsBejIvW/dw50DKg$WXZDFJowwMX5xsOun2BT2R3hv2aA9TSpnx3hZ3px59sTW0ObtqBwX7Sem6ACdpycArUHfxmFfv9Z49e7I+TI/g','ADMIN,USER,ACTUATOR'),
    ('30000000-0000-0000-0000-000000000001','user','{argon2id}$argon2id$v=19$m=16384,t=3,p=1$QHb5SxDhddjUiGboXTc9S9yCmRoPsBejIvW/dw50DKg$WXZDFJowwMX5xsOun2BT2R3hv2aA9TSpnx3hZ3px59sTW0ObtqBwX7Sem6ACdpycArUHfxmFfv9Z49e7I+TI/g', 'USER');

INSERT INTO zimmer_information (id, zimmer_nummer, zimmer_typ)
VALUES
    ('00000000-0000-0000-0000-000000000000', '107', 'DOPPELZIMMER'),
    ('00000000-0000-0000-0000-000000000001', '123', 'EINZELZIMMER'),
    ('00000000-0000-0000-0000-000000000002', '345', 'SUITE'),
    ('00000000-0000-0000-0000-000000000003', '001', 'EINZELZIMMER'),
    ('00000000-0000-0000-0000-000000000004', '408', 'DOPPELZIMMER'),
    ('00000000-0000-0000-0000-000000000005', '012', 'EINZELZIMMER'),
    ('00000000-0000-0000-0000-000000000006', '001', 'EINZELZIMMER');


INSERT INTO gast (id, version, nachname, vorname, email, rang, ist_vip, geburtsdatum, homepage, geschlecht, zimmer_info_id, praeferenzen, username, erzeugt, aktualisiert)
VALUES
    ('00000000-0000-0000-0000-000000000000', 0, 'Spring', 'Admin', 'admin@acme.com', 9, TRUE, '2022-01-31', 'https://www.acme.com', 'MAENNLICH', '00000000-0000-0000-0000-000000000000', 'BALKON', 'admin', '2022-01-31 00:00:00','2022-01-31 00:00:00'),
    ('00000000-0000-0000-0000-000000000001', 0, 'Spring', 'User', 'user@acme.de', 2, TRUE, '2022-01-01', 'https://www.acme.de', 'MAENNLICH', '00000000-0000-0000-0000-000000000001', 'NICHTRAUCHER,BALKON', 'user', '2022-01-31 00:00:00','2022-01-31 00:00:00'),
    ('00000000-0000-0000-0000-000000000002', 0, 'Musterfrau', 'Mina', 'Mina@acme.edu', 2, TRUE, '2022-01-02', 'https://www.acme.edu', 'WEIBLICH', '00000000-0000-0000-0000-000000000002', NULL, 'user', '2022-01-31 00:00:00','2022-01-31 00:00:00'),
    ('00000000-0000-0000-0000-000000000003', 0, 'Jefferson', 'Leroy', 'alpha@acme.ch', 3, TRUE, '2022-01-03', 'https://www.acme.ch', 'MAENNLICH', '00000000-0000-0000-0000-000000000003', 'MEERBLICK,BERGBLICK', 'user', '2022-01-31 00:00:00','2022-01-31 00:00:00'),
    ('00000000-0000-0000-0000-000000000004', 0, 'Polly', 'Rolly', 'Rolly@Polly.uk', 4, TRUE, '2022-01-04', 'https://www.acme.uk', 'WEIBLICH', '00000000-0000-0000-0000-000000000004', 'BALKON,NICHTRAUCHER,MEERBLICK', 'user', '2022-01-31 00:00:00','2022-01-31 00:00:00'),
    ('00000000-0000-0000-0000-000000000005', 0, 'Plan', 'Kein', 'kein@plan.jp', 5, TRUE, '2022-01-05', 'https://www.acme.jp', 'DIVERS', '00000000-0000-0000-0000-000000000005', NULL, 'user', '2022-01-31 00:00:00','2022-01-31 00:00:00'),
    ('00000000-0000-0000-0000-000000000006', 0, 'Plan', 'No', 'phi@acme.cn', 6, TRUE, '2022-01-06', 'https://www.acme.cn', 'DIVERS', '00000000-0000-0000-0000-000000000006', NULL, 'user', '2022-01-31 00:00:00','2022-01-31 00:00:00');


INSERT INTO buchung (id, betrag, waehrung, gast_id, idx)
VALUES
    ('00000000-0000-0000-0000-000000000000', 0, 'EUR',  '00000000-0000-0000-0000-000000000000', 0),
    ('00000000-0000-0000-0000-000000000001', 10, 'EUR', '00000000-0000-0000-0000-000000000001', 0),
    ('00000000-0000-0000-0000-000000000002', 11, 'EUR', '00000000-0000-0000-0000-000000000001', 1),
    ('00000000-0000-0000-0000-000000000003', 12, 'EUR', '00000000-0000-0000-0000-000000000001', 2),
    ('00000000-0000-0000-0000-000000000004', 20, 'EUR', '00000000-0000-0000-0000-000000000002', 0),
    ('00000000-0000-0000-0000-000000000005', 30, 'EUR', '00000000-0000-0000-0000-000000000003', 0),
    ('00000000-0000-0000-0000-000000000006', 40, 'EUR', '00000000-0000-0000-0000-000000000004', 0),
    ('00000000-0000-0000-0000-000000000007', 50, 'EUR', '00000000-0000-0000-0000-000000000005', 0),
    ('00000000-0000-0000-0000-000000000008', 60, 'EUR', '00000000-0000-0000-0000-000000000006', 0);

